P_ID,GENDER,AGE,ATTEMPTS,TOTAL_ERRORS,MINUTES,POOL
p001,man,29,1,0,15.365738333332539,prolific
p002,man,42,2,2,17.370073333333433,prolific
p003,woman,47,1,1,20.599533333333333,prolific
p004,woman,68,1,1,49.41266666666667,prolific
p005,man,28,1,0,11.375218333333327,prolific
p006,woman,37,1,3,16.687666666666665,prolific
p007,man,56,1,0,20.376046666666678,prolific
p008,woman,27,2,2,35.67666666666667,prolific
p009,man,56,4,1,41.48806166666647,prolific
p010,man,25,2,0,13.049835,prolific